1,2,4,4,28,-51,9,-21,45,50,-11,12
1,-4,5,-31,-20,29,34,-57,68,-23,-24,109
-1,1,1,11,4,-28,37,4,-17,-83,-84,85
-1,-1,-4,-25,13,48,-45,71,62,-40,81,102
-1,8,-13,11,26,-31,-14,49,4,78,-15,-31
1,1,8,15,-21,13,11,35,16,-68,67,11
1,9,-21,31,-28,-46,-22,14,-21,24,3,104
1,-6,16,-29,40,-36,-28,-27,78,91,78,68
1,-10,-19,2,-19,-34,-9,12,-2,-87,-15,-1
0,2,2,8,14,-20,-42,34,-69,6,-97,29
0,-4,-20,21,-29,-11,28,20,39,-40,17,27
0,0,-10,4,-32,34,-17,-58,78,-21,82,90
0,2,-14,11,-33,36,-26,-10,7,1,57,71
1,-1,-21,8,39,45,38,-43,78,41,21,-16
0,11,-11,-18,-34,43,-41,-12,48,78,68,-13
1,1,7,20,34,-32,-48,-34,55,24,-5,-104
0,11,13,-6,20,-15,-17,-12,-74,-27,80,-42
-1,-6,-5,15,13,-9,-45,-41,80,33,-6,-100
1,7,15,-29,38,5,56,10,65,-50,72,77
0,7,-12,10,-29,19,10,2,-13,0,-97,32
-1,-3,-3,-29,-32,-46,42,53,78,16,-35,-104
1,0,-2,9,14,-9,-36,25,-22,-87,-97,-104
-1,6,9,-28,22,45,12,-26,53,-61,32,-19
1,-9,-16,-14,4,-12,-32,-40,48,25,13,-100
1,-7,-9,-5,32,-34,27,-61,-72,-52,-22,63
1,-3,20,-21,13,-27,32,32,-44,30,86,79
0,10,-19,-12,-27,-31,-10,-70,11,86,-50,16
1,-4,18,-15,40,34,30,-50,11,-77,14,101
1,8,16,30,-30,44,-50,-32,-77,44,64,-88
-1,-11,-13,7,-27,25,-12,43,9,38,89,-18
1,5,-15,-18,-10,-16,-20,1,-72,0,-30,56
0,7,11,13,11,-40,58,-3,67,41,-3,8
1,11,-1,25,-38,-49,44,-8,-2,-51,-61,106
0,-9,-12,-17,18,11,20,68,-50,58,-97,-57
1,2,6,21,-5,-5,-11,-25,37,88,84,44
1,-2,-15,2,-11,-32,48,37,10,-4,78,62
-1,2,-12,-13,12,-7,-48,2,14,-54,-21,27
1,-4,-13,-8,-13,31,-1,-6,50,-37,-67,-86
0,-5,-18,21,30,35,-14,4,11,-7,-35,0
-1,11,-11,-26,16,-1,-36,62,68,-74,-75,-89
0,4,-13,16,-20,23,42,61,-58,-60,11,60
0,-10,-1,-1,15,28,56,56,11,-58,-82,43
1,3,-11,-16,7,1,31,41,-76,69,45,51
-1,-4,-1,5,-21,31,5,-47,77,-12,-95,43
1,6,-17,-11,36,49,-49,-43,80,43,24,35
1,4,10,6,36,31,34,-65,-32,-90,-87,20
0,2,-10,-19,23,-20,36,15,-46,-21,60,30
1,1,13,24,-35,-44,-21,70,-15,-45,101,86
-1,-2,-19,5,34,-31,-17,14,-69,89,19,-40
0,-7,11,26,20,49,-37,22,47,-73,6,-35
1,-2,17,4,-19,-25,59,-57,67,-47,-29,107
0,9,-16,1,-18,2,3,-71,65,-90,-7,-27
0,8,13,19,-20,40,5,18,-68,-21,32,85
0,6,-2,-3,-1,37,6,15,55,-30,8,90
0,3,-20,24,-29,-16,34,68,15,80,-43,-101
0,-4,-18,-13,33,32,9,56,64,41,-30,-73
0,5,-15,-27,22,-39,-17,23,18,21,-85,-75
1,-10,-6,-18,-21,-27,61,17,3,39,27,-79
1,-6,-21,-5,0,-11,18,30,-46,12,58,101
-1,-10,-11,-14,10,8,-29,-45,17,66,92,98
1,10,11,-29,28,42,-44,-69,23,44,32,-10
1,-8,-21,26,17,-49,-11,11,61,83,-19,-34
0,-10,2,-10,-21,39,42,-40,-9,-77,-88,39
-1,10,16,-22,-14,-26,-21,-62,77,-27,-80,40
0,-9,-7,28,30,-8,48,33,-10,-53,-31,109
-1,-11,11,1,34,-20,3,-24,-34,-42,-87,96
-1,-2,14,18,-11,36,-23,10,-66,46,-91,27
1,11,-13,-6,-15,4,-20,-71,-54,-17,-85,-15
1,-6,-18,9,26,-51,-44,-2,2,-80,-42,91
1,4,-11,-17,-17,-37,53,32,81,87,17,-7
0,-2,12,25,-8,-14,-10,54,14,88,92,-69
1,8,-9,14,-22,-44,-40,-21,5,58,-41,20
0,3,2,-26,-12,-17,36,-45,65,-19,-101,-57
1,-10,-19,-12,38,-2,-25,33,-6,-86,54,91
1,-11,-14,11,32,-46,41,-3,-79,13,-68,54
-1,-6,-5,-11,-16,30,6,16,-56,28,-5,-104
1,9,-13,19,8,-5,23,-51,-34,-77,-37,-18
0,0,4,-23,7,-31,-52,12,-30,26,58,-82
1,-2,-9,-15,-29,16,-37,-35,76,-38,-9,-17
0,-4,6,-7,-1,-25,-43,-46,38,-67,70,23
1,-1,14,-5,19,-48,-25,34,-81,3,16,-105
0,4,21,-4,-35,-19,46,44,-69,-23,-101,-10
-1,0,9,16,29,-30,8,37,10,-70,-36,-20
-1,-6,8,-25,-22,31,0,3,-69,-55,-13,77
0,9,-13,-19,-18,-33,25,-71,-62,-73,-39,58
1,5,-3,-20,26,24,0,2,27,45,61,-109
0,-5,4,-5,12,-35,-44,-14,-34,-41,-58,33
0,-1,9,-15,-8,32,-50,-50,-56,1,-83,26
0,6,-8,3,-26,16,-39,9,-24,-63,-89,44
0,-2,13,-10,-16,-47,-20,-50,33,39,100,83
1,-3,15,-2,-29,0,27,-40,-47,-45,85,94
0,-5,11,-29,26,37,-14,65,45,31,-97,-45
0,-10,7,-25,3,-38,-34,-32,-38,22,-46,-49
1,1,-17,-16,-1,-47,18,61,81,-64,4,-45
1,6,20,-14,28,-43,9,11,-54,70,41,5
-1,-1,-2,29,-23,25,-31,-15,32,49,1,-19
-1,5,-5,-19,-12,-11,36,30,75,56,-81,-67
1,-9,6,3,-18,27,49,56,-73,-4,10,-96
0,4,1,-30,-36,36,20,-28,-43,-58,4,73
-1,-9,-7,-8,10,0,54,-44,12,-23,-68,-80
-1,8,-17,-31,-17,10,-27,27,75,58,-41,21
0,7,-12,15,-5,5,-51,27,17,73,-64,-40
-1,-5,-12,-28,28,-46,61,-9,13,-23,34,-58
0,-5,-5,-16,-18,-46,-6,59,35,-22,8,34
1,-1,12,3,16,-11,-54,-43,-49,21,-74,-20
0,-1,-11,13,-21,-26,58,70,-7,-42,73,-47
-1,-3,14,27,-1,26,-39,-29,38,1,99,78
-1,5,-20,-17,33,-39,52,66,40,63,-64,-106
1,5,18,-8,31,9,23,0,58,-51,92,-95
0,7,-18,-28,-15,36,51,53,19,-59,69,67
-1,-5,-18,0,-37,-29,-8,-41,-72,23,67,17
1,-1,-15,-5,-16,39,3,-51,-65,-23,90,49
1,-5,15,21,-33,20,-7,66,10,78,80,-16
1,0,-9,-5,-2,-24,-48,-41,49,47,59,109
-1,10,-14,13,5,46,-51,18,-56,-29,-32,11
-1,10,11,-23,-29,-40,15,60,1,-12,11,-97
-1,-8,13,-6,12,28,-30,53,-32,29,85,-100
1,11,-20,0,-32,13,31,-44,-38,-9,-67,26
0,1,0,-29,-32,-30,-50,20,-40,-76,56,78
1,-2,-11,26,-41,40,-15,31,63,72,44,61
1,8,-12,17,0,-6,1,22,2,62,-60,-93
1,7,20,3,-9,0,-48,0,59,-71,65,-15
0,3,-3,-25,-23,18,1,29,-29,42,-96,14
0,0,-16,4,-18,-19,21,59,-31,61,78,-97
1,-1,-15,11,2,-19,-41,19,50,50,47,-34
-1,-4,-16,24,-8,-15,45,-44,-77,-76,84,-60
-1,-8,-16,-14,-34,32,-37,-47,45,8,-34,28
-1,7,5,13,33,4,17,2,-22,8,-88,-102
1,-9,-3,0,-21,-49,8,38,-8,57,-41,22
1,-1,9,-5,-6,49,57,-44,9,11,13,68
0,0,2,29,-2,-33,-31,-30,-27,19,11,53
1,11,19,16,-8,-7,-35,67,-34,-56,-76,-56
0,-1,10,27,-31,-7,-59,-34,42,-15,42,-46
0,1,15,-22,41,23,8,56,-59,-4,60,52
1,2,20,9,8,48,42,-57,81,-46,-60,-96
-1,-2,9,8,-21,-42,-59,-17,26,22,-8,67
0,10,16,-13,26,40,17,-49,-61,0,0,16
0,-5,-9,-14,21,20,-45,4,55,90,13,107
-1,-4,-13,0,-5,-38,-9,65,71,-9,39,-57
-1,-5,3,-6,24,42,-51,48,56,-3,-27,-63
1,-8,-7,-2,-20,-36,47,-9,-75,77,-82,0
0,-10,4,-17,-40,48,-12,-65,-17,26,-66,-36
-1,-11,15,-29,-22,19,-30,-23,50,-56,98,38
-1,-11,7,9,-9,37,-45,-20,27,-65,-85,25
1,-4,13,-31,-4,-43,41,-40,-65,38,60,74
1,-10,14,-21,15,-10,-32,35,-65,79,-26,86
0,-2,-7,9,4,29,-22,-41,-29,-41,63,-1
0,7,-11,27,-6,50,15,67,-51,48,73,-101
0,5,-18,-13,25,50,38,34,76,-34,-43,95
1,4,-15,21,-24,-25,-10,65,-12,57,-62,-19
0,-2,13,21,30,-36,16,-15,-34,-91,-21,-69
0,10,-5,3,-1,11,-27,14,43,17,-74,100
-1,8,-6,11,15,-6,13,67,73,91,31,-41
0,-7,4,8,6,34,18,-29,-41,65,24,-101
1,3,10,-25,-6,2,5,-39,34,-72,-2,-58
1,-7,13,27,1,45,24,58,-51,21,1,-12
1,-4,15,-17,-17,-17,-11,7,3,26,77,-45
-1,-3,2,-21,21,31,10,34,-61,-88,-96,30
-1,7,17,25,-38,-30,11,-58,-4,8,12,100
-1,-4,9,4,40,18,-18,-65,16,44,72,-83
1,-6,-15,27,12,-3,-15,-27,6,4,-16,13
1,1,-9,27,10,-45,13,-25,-69,-66,59,105
-1,0,5,29,40,33,61,-58,70,28,-5,96
-1,-8,-2,-25,2,4,-43,53,-50,-44,57,48
0,3,7,22,18,-42,-23,-71,29,67,-78,33
1,-5,-4,-31,8,50,31,-66,-40,-29,-96,-74
0,-9,14,22,-15,-35,-49,24,-46,58,95,-15
-1,8,10,-16,-41,-51,-51,-29,-7,57,26,-94
1,1,11,25,-4,35,49,19,16,61,26,-58
-1,2,-20,-23,40,-10,-32,44,35,-86,-70,77
1,6,-13,12,12,-45,-11,-37,-43,-57,82,-57
-1,-11,16,-7,-35,-41,27,-60,80,58,14,-83
-1,7,17,-4,33,40,-53,2,48,-84,-13,109
0,8,8,-17,-2,3,-20,-5,68,36,75,-89
1,-10,16,5,-18,42,19,34,-17,4,-2,31
-1,-7,-7,-7,-14,36,-42,25,30,-32,72,-37
-1,0,4,9,-39,42,2,-1,4,-77,0,-107
1,-10,8,8,40,-27,25,-64,-36,-79,60,47
1,6,2,1,21,-34,-48,61,27,-65,-93,-40
0,2,21,-1,0,-43,-7,18,-59,-24,-62,76
1,-8,6,-12,-36,9,14,69,62,-15,47,89
1,6,-5,29,-4,-4,30,-20,-74,76,-54,-6
1,-11,-1,21,31,35,-32,40,58,-11,-64,31
-1,6,16,6,-15,27,32,46,-73,63,-10,16
0,-10,-15,1,-7,-39,0,-52,-63,6,-22,37
0,-3,20,11,-13,-42,58,12,-52,22,-61,2
0,-3,21,15,17,20,-58,-13,48,-58,-69,54
-1,8,-16,9,8,50,-60,-34,57,-64,-97,-3
0,4,-8,5,-29,28,2,-63,-30,47,47,16
-1,9,-8,20,25,-50,31,-42,-58,57,9,53
1,-7,17,-29,21,-2,-46,15,61,86,-9,43
-1,9,12,-3,-5,49,-54,68,-31,84,-14,-107
-1,0,-3,20,-25,4,60,28,32,14,33,-80
0,-5,0,0,8,-26,45,70,26,-91,-54,23
-1,10,17,-27,21,20,49,47,-47,-14,19,-67
0,-4,-9,-29,19,37,18,53,71,81,-39,-99
-1,-9,-7,-14,-29,29,3,3,-71,-38,-8,55
0,1,18,-31,1,-12,-14,70,-47,-50,-92,-21
-1,1,6,-29,-22,34,-45,14,-49,1,50,-36
1,3,6,13,-7,32,-12,11,9,44,31,-91
0,1,-14,-10,-4,47,14,-35,9,-50,-99,1
1,9,1,8,41,31,-30,2,-79,-69,13,75
1,6,5,23,-18,-18,-4,-8,-10,32,74,-79
0,5,1,6,22,17,-26,-3,-72,-24,83,-61
-1,-8,-3,8,-35,-30,-28,34,29,-62,33,-28
0,-6,12,-25,1,-5,26,-15,-8,-29,75,-35
1,4,-16,28,-15,13,55,-9,38,65,31,0
1,-3,-6,-8,18,-26,52,16,-14,-16,-60,12
0,0,-2,-25,28,-14,34,-16,-51,10,-4,-2
0,11,-15,-6,28,32,3,46,-77,-16,-85,43
0,1,2,-6,-36,22,-46,-47,-13,-58,78,-97
-1,9,0,-9,5,6,-40,-2,75,16,-38,-53
1,6,11,-1,-29,-49,34,-9,-42,-13,98,25
-1,4,-13,30,29,20,57,54,-69,-90,87,-47
-1,1,-7,-30,14,13,56,-5,-34,-37,30,111
1,6,18,-16,-2,42,-45,-50,-12,83,-33,-110
1,10,-5,-28,-19,-48,50,71,66,-57,-53,45
1,-7,20,4,12,-50,-5,33,-70,82,-100,60
0,5,-12,26,41,-10,-51,-39,59,8,69,-85
0,-9,-5,25,-23,-41,1,49,-79,9,6,-25
0,9,-9,26,19,4,-27,5,19,39,26,1
0,-6,-15,20,-26,48,-32,-20,-80,-24,94,-24
-1,-8,-8,-9,11,-26,45,61,36,-49,-32,4
1,11,-17,-24,5,-11,28,16,-57,-63,82,-77
-1,-8,16,-23,33,-45,32,-27,-54,19,32,91
1,-8,-19,26,-22,-31,-51,16,11,27,48,-4
1,7,-3,14,-30,-18,-43,19,-3,-40,-39,-84
-1,5,17,2,-10,-38,18,-67,59,67,-73,-87
0,8,-11,-27,-30,17,48,-57,-71,68,-8,100
0,5,20,-21,21,17,35,-46,-2,-24,101,38
0,-4,-12,22,-23,26,-43,-65,-74,33,1,53
0,-9,14,0,38,20,-56,-4,39,52,56,106
0,-9,16,-28,32,-30,55,-52,25,67,86,-103
0,0,-12,-7,31,-37,-24,5,81,27,94,-99
1,-5,10,-17,2,-5,-35,-18,48,77,-17,-78
-1,10,-14,30,-22,-18,-10,-60,60,82,93,37
0,0,12,-10,-38,-45,39,-27,22,-24,-71,-85
0,7,-12,-20,3,33,-40,28,40,85,-43,101
-1,1,-18,-15,34,-42,-26,-43,17,-7,11,7
-1,-11,5,26,13,-38,10,52,-24,26,94,65
-1,-3,5,3,7,36,33,67,12,-89,-71,14
-1,-1,-21,-10,-11,46,-29,12,0,-67,13,9
0,2,8,-2,32,23,10,40,-69,-18,91,90
-1,8,-18,17,-21,-42,-8,-54,-58,-62,77,-9
-1,7,-18,-15,2,-32,-57,-22,54,80,-45,-89
-1,-8,21,3,-26,0,-35,57,2,-54,101,27
1,-11,0,18,0,34,13,0,-43,-75,-94,62
-1,1,-3,12,24,-16,-11,-71,59,-33,-14,-8
0,3,11,-23,41,23,-56,66,21,42,-100,83
-1,-10,20,30,-26,-20,-53,69,-1,84,62,-92
0,-11,17,-4,-35,15,-27,-46,-2,-4,-90,6
1,3,15,-10,24,12,-33,18,7,-67,80,54
0,5,9,24,23,-11,39,-21,-20,-6,-92,82
0,11,3,-3,-26,-22,-7,12,57,-67,-85,-10
0,1,-4,18,-20,3,-15,41,-10,-16,48,-15
-1,-10,-5,16,4,-49,-52,-48,60,-64,91,-63
0,-3,1,14,-22,-15,-53,42,-80,-52,-47,54
1,8,19,-12,-26,-20,-35,70,-30,83,-10,-97
0,-8,-18,-29,-34,21,9,60,0,-24,-69,29
1,9,8,5,-7,8,15,-18,65,18,-82,-27
0,-10,15,11,-18,-38,23,59,34,9,-73,106
0,-11,-12,9,-26,-9,44,39,-6,15,40,44
-1,1,-18,7,-12,-18,-27,-43,75,25,-36,108
1,-8,20,-13,-34,-17,-12,-5,5,-35,-101,45
0,5,18,-4,5,40,-25,-49,-15,61,66,-29
0,0,-1,7,-6,2,-37,-25,66,-43,3,-49
1,8,20,19,-4,-51,-52,0,23,-37,-81,-88
1,4,-16,5,-41,-46,14,-47,66,11,-91,-21
1,6,-14,15,-31,9,-13,-69,61,-53,-6,-12
-1,-8,21,-3,41,37,-47,0,-24,43,30,-79
-1,5,-7,7,-18,-44,22,42,25,-49,-81,-55
-1,7,-11,27,28,-9,-15,-51,36,-30,-98,-56
0,-9,-19,0,-28,18,40,46,16,32,44,-56
0,7,11,-31,-7,-44,50,12,80,-2,30,-69
1,-1,-9,-29,25,-47,50,-15,-75,48,33,-77
-1,6,12,31,41,-30,-31,-60,5,-13,40,20
0,6,-5,-26,4,27,-11,25,16,-30,-23,53
-1,-10,-18,0,-17,-50,-31,42,61,19,-57,-101
-1,1,18,17,3,-4,-28,-6,-30,32,66,15
0,3,-4,-31,21,38,-54,20,-78,12,-83,-35
-1,9,-12,-27,15,-48,-31,-17,5,-70,-1,10
0,5,-3,9,-14,-38,-55,35,22,31,-60,98
1,-7,10,-21,22,-41,-32,-54,37,5,92,-26
0,-5,19,-16,-16,45,15,-11,-79,-20,8,-84
0,-2,20,-1,23,-3,-61,40,30,-56,-73,-111
0,6,-1,29,-1,-3,-13,51,-54,74,9,58
-1,9,-14,2,-39,-11,-60,40,-46,32,-76,-87
0,0,-15,-18,-11,-51,-49,58,-42,-2,-34,-10
-1,-9,16,1,26,-4,-34,-55,32,-31,12,78
0,4,6,-16,4,-47,-21,-59,77,-83,39,100
1,2,-17,15,-17,-21,-24,2,4,76,82,72
-1,-6,-20,19,-17,48,15,-50,33,-7,-98,7
-1,-4,13,-30,12,-14,-22,-56,-44,-3,-34,-23
1,4,-3,9,-39,-16,-38,36,37,49,-16,15
-1,-2,15,-25,29,48,-52,45,38,50,74,42
0,-7,-9,-8,12,44,-60,8,-10,-54,98,6
0,-7,5,31,-1,-42,13,19,-79,-79,86,14
1,-10,-9,8,23,23,-2,8,-71,-91,-62,26
1,0,-19,15,-4,-11,50,54,-50,-9,58,-11
0,8,3,-4,-22,1,2,14,-59,-76,-88,37
1,-9,1,-21,34,37,-58,57,-23,-60,-4,-94
-1,4,-20,31,-5,25,59,-46,49,-36,-62,-101
-1,-6,19,-12,-18,-24,-56,-17,4,10,77,-83
-1,7,18,-25,-18,41,-55,46,34,34,52,-111
0,6,-14,15,-37,-27,58,-35,-6,82,76,-42
0,-9,20,31,-19,18,-33,-37,-60,-70,54,85
1,-7,10,0,-21,24,26,-44,-3,47,33,-72
0,-4,14,21,-28,-17,19,-62,-57,-36,-80,55
0,8,4,-29,-27,40,15,61,-26,0,80,96
0,2,9,-10,-22,-18,47,67,43,-28,94,88
1,-2,-13,24,-26,-1,39,58,-73,11,90,98
1,3,6,-27,22,46,-43,-68,-81,-76,-59,-37
0,7,-6,-10,-2,-15,57,59,-19,19,-45,111
-1,-11,-6,24,21,7,43,61,-5,-35,18,79
1,-3,-9,29,33,-47,33,2,-18,35,2,-69
1,-3,4,1,-21,50,-37,29,-16,-25,47,-69
1,-3,-1,2,-11,-48,9,-28,-71,6,-31,84
1,7,-11,-27,-32,26,-19,-49,70,26,-66,71
0,-3,-16,18,-38,-3,53,22,-22,-85,49,-30
0,-5,2,-29,29,1,-40,-59,59,-17,22,-98
0,11,-2,30,41,-25,-37,40,64,73,-97,17
0,5,-7,14,-18,35,-9,-35,-75,-8,85,97
0,-1,21,-17,0,30,34,-59,25,-27,-74,-87
1,-2,-15,-7,-38,-39,50,60,-65,40,70,51
1,-6,7,19,22,21,-12,20,-57,-7,96,-84
-1,6,-4,22,-2,-42,36,-48,-13,-60,86,-82
0,-7,-17,5,-37,11,-33,49,-6,8,45,-35
0,0,-17,29,-22,-31,-22,62,31,42,94,-96
1,-1,13,20,0,-23,13,-15,-42,72,-87,11
-1,-11,-12,-9,20,-22,-33,37,-61,-77,100,17
0,-7,-16,-11,-22,49,-8,8,-22,76,-41,-95
-1,-1,15,22,-33,25,-3,4,40,7,48,-51
0,11,-12,19,-5,42,-23,66,15,-16,-89,53
-1,9,10,-2,-23,41,21,64,-9,4,2,-37
1,10,8,31,-17,42,36,59,80,-27,83,97
0,-8,19,-14,21,-21,32,-29,-19,-81,88,-94
1,-9,1,-22,-20,5,49,-2,18,-74,-16,-45
-1,5,-13,22,-38,-38,1,23,26,83,17,69
-1,-3,5,-7,-30,-1,10,-61,-20,21,-20,95
1,10,8,-3,-32,22,39,-8,-33,17,46,38
-1,-7,7,22,33,-3,32,65,-77,-91,-3,10
1,-3,2,-5,-40,42,40,15,58,61,50,-92
-1,6,-12,29,-8,-32,-28,-23,-9,73,44,25
-1,-3,-2,31,-30,-38,34,-60,16,7,-53,106
-1,1,19,26,-24,-10,53,50,-52,-69,-9,-29
-1,-9,-19,-3,14,15,33,42,53,-11,-20,-80
0,11,14,-26,-29,4,-9,-33,61,-58,-84,75
0,-3,-9,0,-6,-33,-25,-47,-15,39,92,51
-1,-2,-15,21,12,-45,-9,-34,23,-38,-13,-93
-1,-11,-7,-30,33,38,-10,-43,19,-25,-81,85
1,7,21,25,-31,37,59,-27,-12,0,28,-78
-1,-5,17,11,-18,12,-53,-4,63,44,74,-15
-1,-6,-19,5,-9,-31,-34,3,-59,75,37,-10
0,7,19,-16,-9,6,20,0,68,-1,-6,14
1,4,-5,-24,0,-34,-25,-7,16,-74,21,17
1,-10,-6,21,30,-38,51,-59,-54,29,-99,94
1,-6,-20,-13,-35,-51,44,57,28,62,18,98
1,-6,-14,24,-19,46,46,70,72,-27,94,-24
0,1,14,-2,24,-39,-43,57,54,-3,13,2
1,-7,19,27,-41,-41,15,46,7,-61,19,-53
0,-2,-18,-1,-22,6,-13,26,21,84,18,67
-1,0,0,3,-28,38,27,4,58,23,-101,57
-1,-6,19,14,32,49,-3,-10,80,-1,77,-107
1,-4,-16,-16,-10,-48,-23,-44,-18,42,-14,75
0,-8,18,-7,10,-14,-46,-13,56,29,-17,-18
-1,9,10,21,25,-32,-15,-17,29,-51,-9,78
0,-11,2,-17,-30,-36,-30,37,-10,84,28,98
-1,7,10,-7,22,-34,10,70,24,85,-65,-52
-1,-8,16,2,30,-38,24,0,17,52,-68,104
-1,1,-19,21,-9,-25,-30,-57,-36,71,-99,71
0,-7,19,-28,-16,-39,54,-27,70,-68,-71,35
1,0,-11,29,-4,-23,10,47,-1,89,-3,47
-1,-6,-16,-10,25,0,43,-9,12,-60,15,101
1,5,11,-13,-28,-26,53,52,-36,-16,-94,45
1,-3,12,23,19,-32,19,68,-81,-14,7,61
0,0,0,-7,37,3,-44,58,-4,-88,99,-31
-1,3,-1,-19,-31,-20,-38,-60,-50,-65,86,-58
1,-9,-17,-8,-2,-25,54,23,32,0,-52,-33
0,7,-11,-25,29,-7,-5,-29,1,61,-37,-53
0,-3,-9,-5,-5,-16,-41,3,52,13,-18,81
0,-1,18,16,2,7,-12,-52,80,62,87,54
0,0,8,16,-14,15,-6,-5,-63,-61,40,5
1,-1,10,-20,-29,6,-17,43,53,-34,-98,-24
1,-5,19,26,19,30,6,-4,-28,33,-81,102
-1,-10,0,18,20,44,3,21,33,15,-31,-31
0,10,-14,20,10,-10,28,-26,-78,-90,-66,111
1,-8,-4,21,-21,-1,42,46,22,15,-12,-36
1,10,-6,7,12,-3,-9,62,39,17,1,23
1,11,12,-21,-39,-14,-57,-27,-27,54,-45,-50
0,-1,-17,26,2,13,11,-10,16,2,-75,100
-1,7,2,-6,-26,16,-61,37,-18,64,-65,-72
1,9,20,17,-9,3,55,32,71,15,86,-46
-1,-11,18,-15,-38,-25,8,35,-32,12,-47,-61
0,-2,-7,25,28,-48,51,-56,-18,2,-101,89
1,-9,-13,-6,40,-48,-22,-62,-49,39,-47,-11
-1,-3,3,6,-39,19,-36,17,4,-16,-47,45
0,1,-7,-4,-13,4,38,53,0,50,-40,-19
1,-8,-12,-7,7,-15,4,-46,-68,39,83,85
-1,4,-12,-31,24,9,28,71,-65,78,99,52
-1,7,1,-19,-29,-6,32,-7,-48,18,93,-14
0,-4,-3,-16,-14,6,-42,-65,-1,-33,15,74
1,-3,-18,2,12,13,13,-41,40,-60,-89,42
1,1,-4,19,10,20,61,-1,-21,89,-71,-21
0,6,-12,-1,-18,-51,-18,-54,12,69,2,-94
-1,-5,19,10,-20,-43,-51,18,65,70,65,0
1,-11,18,-30,-18,-25,-38,42,-80,-64,52,69
1,2,14,28,28,44,-50,-42,-79,-88,-85,31
1,3,15,-14,-39,-6,19,23,-13,-90,69,-58
0,9,13,-24,-31,1,43,-12,-42,41,-87,61
1,11,13,-13,29,-30,-53,33,-69,-46,-39,111
1,1,-18,22,-23,36,-7,2,68,73,-66,-103
0,-10,4,-1,11,-49,29,-65,-38,-39,-36,19
-1,1,-1,-14,-41,7,-19,70,-70,72,56,-28
0,9,-11,-17,-18,-27,27,9,39,79,81,108
0,0,21,3,-16,33,-49,-8,41,-52,-81,34
-1,-6,7,20,-24,28,-29,38,67,-23,-6,-17
0,-11,-11,-17,41,-23,54,13,-66,91,12,51
0,5,-20,30,2,50,0,-24,58,15,57,71
-1,7,-20,-27,34,51,17,10,-55,52,-29,30
-1,-9,-17,-11,-8,1,11,69,11,48,-88,44
-1,5,-12,-26,31,-6,33,-11,76,-87,57,-29
-1,2,12,-1,13,-30,56,27,-12,22,51,23
1,7,-12,4,18,0,-34,31,13,19,-77,60
1,6,-9,3,-10,1,-32,63,72,-62,31,-41
-1,2,-2,-3,-14,25,36,-14,-10,62,-55,31
-1,-3,-16,13,3,-26,20,-5,35,18,11,-74
1,-5,-2,-10,26,27,-42,64,21,-78,70,52
-1,0,-13,-3,40,38,1,14,0,88,-58,-59
1,5,18,6,41,14,-25,57,-33,2,86,-85
0,8,-7,-6,-16,-49,38,68,-38,-6,-83,-23
0,-8,1,-8,-27,34,-31,67,81,52,-29,-90
1,-8,-15,6,21,12,-16,-14,64,-12,-72,-58
-1,6,-10,26,-7,-19,-57,-37,-41,34,-92,-22
0,-8,3,24,-37,4,-5,-24,-55,-55,35,-16
0,2,0,0,-27,-12,-54,11,22,82,16,16
1,-8,11,27,5,10,-7,-55,13,-79,18,18
-1,-6,-19,16,38,-7,-58,-57,-44,-71,-7,69
0,-7,-12,-14,5,-9,58,17,-62,65,-59,40
0,3,-15,11,-1,19,-40,52,48,-69,74,-18
1,-5,13,-31,17,9,15,-7,43,81,77,56
1,4,-7,10,37,20,21,31,42,-6,68,-66
0,-9,12,26,-35,45,-6,15,17,25,-81,-3
-1,1,-20,1,34,37,-5,45,57,-5,87,-31
1,3,20,7,38,6,-4,-16,-60,36,71,77
1,-11,6,-7,32,-36,-12,-42,59,-73,64,26
1,7,21,3,20,-21,22,50,33,-81,-48,43
0,0,5,-26,2,23,8,-2,-16,79,-37,107
-1,10,18,-2,11,-47,44,63,52,28,-57,109
-1,-5,17,19,32,28,39,19,22,8,55,-70
-1,7,-18,-29,-29,11,-28,57,68,47,37,90
0,4,6,-8,-28,50,-27,48,2,4,-7,-43
0,10,-13,-21,-38,-51,-30,24,49,-14,68,-36
1,-1,-7,-22,-30,25,30,54,14,77,-31,88
-1,2,4,19,13,-37,46,38,16,54,-73,-32
0,1,-20,4,-28,23,53,11,-56,-16,-58,-23
1,-10,-13,-10,28,46,31,-60,19,91,-80,-29
1,11,-5,22,13,7,-18,-67,-80,-91,-75,-58
1,-9,-12,-4,-13,45,-6,20,-31,58,41,32
1,7,-8,-30,-10,36,-8,-68,54,-79,80,89
1,-9,-5,-12,-5,-36,-24,-48,-61,-76,24,-68
0,-8,21,23,29,-15,46,18,58,-82,93,64
0,6,-11,3,-20,13,52,68,22,0,-87,-88
-1,-7,-21,-14,-10,33,-4,63,11,-18,56,-66
-1,-11,-5,-15,-39,21,57,67,-49,-4,7,-109
-1,-5,-7,-5,12,-46,6,55,59,41,-65,35
1,6,8,4,32,49,-43,15,43,-18,-12,-99
-1,10,8,27,-5,-37,-40,66,-74,-84,45,21
0,10,-16,-21,-10,5,-61,-19,-27,83,-94,6
1,0,-19,-6,36,0,-56,30,-5,-59,26,-93
0,1,-18,28,22,-47,23,-18,-28,35,-65,-38
-1,4,-1,-19,-9,6,16,-42,13,49,9,-12
0,-6,-18,14,24,-37,-53,34,-78,79,26,63
0,-3,-16,31,4,8,36,58,-1,88,68,-38
-1,0,3,-15,11,-11,48,-69,37,52,-23,-78
0,3,10,-17,-21,-25,-1,47,-36,2,-79,-33
1,-3,-1,24,-19,13,-49,-44,23,-44,-4,46
-1,6,1,-9,30,6,25,-16,6,56,5,-93
0,-11,-6,-1,32,37,-5,-42,48,-42,-101,73
0,-9,12,16,-39,-15,51,-59,-10,84,-50,-62
0,-5,-13,-25,29,48,-1,-9,31,-55,15,41
-1,9,5,-16,2,-24,-20,7,-71,12,69,-9
1,10,-11,19,21,-28,-14,42,-10,-61,57,-109
1,8,3,31,-39,-34,53,-1,-1,15,-61,85
1,-7,-2,29,12,13,-11,54,-38,50,93,-47
0,-6,-14,-5,-15,3,24,45,65,22,-82,-95
1,0,-7,13,-21,-38,23,3,32,49,-82,10
1,-3,9,23,-20,-42,-49,-20,-36,79,-38,18
-1,4,5,-25,24,-14,49,19,39,-55,86,103
-1,3,-10,-1,15,3,33,-8,9,67,-85,-13
0,7,-20,-8,-7,45,-6,39,-2,62,-13,-57
1,-4,-18,-23,40,-20,9,23,19,-37,-70,-23
0,-6,-17,29,-26,-28,16,-52,-54,33,99,82
1,1,3,-20,-13,-41,13,22,21,30,-100,80
-1,1,3,31,-39,-39,2,-8,3,40,92,-5
0,11,16,-3,17,1,-37,-32,51,91,44,-102
-1,-2,-16,27,19,26,55,-16,-50,-3,-10,88
-1,6,-2,24,20,-41,56,22,74,91,-58,-68
1,2,7,-10,32,12,34,-52,-35,49,95,69
-1,9,5,-26,27,25,-46,-19,9,-72,30,49
1,1,-21,26,14,14,-16,-31,9,-81,-76,20
1,3,-2,19,-41,10,-30,-40,-32,-77,33,-104
0,5,21,16,21,24,-43,-32,73,-72,70,-53
1,5,8,-15,-33,-12,20,-17,30,88,-70,-27
1,9,7,29,-24,-23,-7,-54,-67,34,29,3
0,4,4,-1,4,37,-14,51,16,-64,-97,0
1,8,7,4,38,15,-4,-63,1,25,-12,-70
-1,8,13,13,-41,-1,59,35,60,-79,-38,0
0,6,3,22,-2,-3,28,34,-41,-74,69,13
-1,-7,5,13,-2,50,-20,-54,-31,-64,91,76
-1,-9,-4,31,-37,13,48,-17,74,-13,51,-68
1,-5,-9,20,13,14,8,7,60,-81,56,-53
-1,-2,-6,-9,-35,29,47,-20,2,40,99,-24
1,8,15,-1,-10,37,-56,27,43,-20,-98,-60
-1,-10,0,-17,-33,-9,10,9,-40,-36,30,7
0,-10,12,-22,-34,32,-29,-53,-19,-4,58,-50
1,2,13,-14,8,3,44,-36,-53,64,6,93
0,4,-19,-19,-24,10,-56,53,-61,76,-66,-86
0,6,20,-20,-28,-5,5,71,58,78,-23,-39
1,8,13,-5,-16,16,-61,14,-75,8,-80,-75
1,1,1,-3,-4,48,-20,-20,29,90,28,-55
1,10,0,-7,27,35,-9,47,10,37,-11,82
1,5,-10,27,41,-13,35,-14,19,82,16,-30
1,5,-10,-9,19,-24,29,21,-16,53,51,-42
1,-7,8,23,-38,-35,-30,19,-32,22,-37,-22
-1,8,-12,16,32,43,-57,-25,55,48,11,72
-1,-11,-12,26,-23,-3,18,38,13,19,-82,-8
1,6,-3,20,-23,-2,27,16,1,-72,-74,-7
1,6,19,24,8,44,16,-18,45,-72,91,52
-1,-5,20,-25,-27,25,57,67,-18,7,-10,-4
-1,-10,0,7,-36,-44,51,-40,-23,-61,66,-110
0,-5,-11,2,34,-3,9,16,-77,58,57,26
1,-7,3,25,21,10,-53,-38,-25,0,53,-2
-1,2,8,-3,1,-39,22,-18,15,34,-48,-53
0,0,-11,3,10,42,-33,-23,31,-4,40,-73
1,5,-10,-4,-24,-28,-18,-41,24,-28,50,68
0,9,13,26,-20,40,36,-43,-36,0,97,36
1,1,19,-20,-34,46,46,62,72,70,80,12
1,11,18,20,-34,37,33,-30,29,89,46,59
1,-8,-1,14,15,-21,44,-17,-66,-83,-63,33
0,-8,12,9,30,-37,-4,31,80,35,-27,-32
1,4,11,9,31,11,-32,-26,-67,69,-58,-40
0,-9,11,-5,25,11,-46,8,56,-64,-82,102
0,-2,-4,-14,32,41,44,53,36,23,21,9
0,-11,3,-10,-34,19,8,41,16,36,-70,75
-1,4,10,10,-23,-4,-27,-20,33,-63,85,110
-1,-7,3,-17,36,-7,-40,-37,-56,79,-74,85
-1,0,12,4,30,31,8,-61,-70,32,29,-78
-1,7,5,1,-32,-47,43,19,69,35,-80,26
-1,-10,-1,12,-28,-16,-18,-36,15,-44,-47,-80
-1,5,5,2,-23,-16,39,-34,24,46,-85,-59
0,-4,-21,12,-10,-32,-9,-53,30,-6,-62,88
-1,-5,18,23,-25,24,32,51,-8,-68,-45,33
0,-1,-5,16,16,26,8,-50,5,-88,35,64
1,10,-4,-13,-25,39,-47,-53,-52,13,-98,9
1,4,-2,-6,-13,-33,-53,-27,7,-53,90,8
-1,-9,16,-28,5,-21,-39,-23,78,73,-11,-81
0,-7,-1,-18,-24,33,45,67,78,-91,-22,76
-1,-8,-20,-25,10,-32,14,2,16,4,55,83
1,6,21,-10,-13,-35,-44,-37,-59,13,35,-27
0,-7,4,-15,-8,8,50,43,-5,-54,41,86
0,-10,-16,-9,-32,32,-54,-20,-8,-49,25,100
1,-2,19,1,-2,13,-54,30,40,57,55,-21
-1,-5,19,2,-6,13,-31,43,-48,81,-27,-96
0,-9,20,5,-17,17,13,-40,60,-56,-46,110
-1,7,18,-3,24,-49,-43,-71,-77,89,101,45
-1,0,14,-21,-28,-19,55,-39,-44,87,-72,-78
-1,5,-15,-24,-38,-34,-20,-59,-8,6,-33,-68
0,2,4,-14,34,-38,-4,30,-51,-84,-68,26
1,-11,-16,15,-26,-7,60,21,60,-54,19,-64
-1,-8,-6,-13,-26,-19,-35,40,-14,-52,55,-83
1,-5,-14,-18,-23,42,7,-57,29,88,74,69
-1,9,-10,-15,18,23,14,-26,-14,70,65,57
1,0,20,19,33,38,-28,-37,-41,25,-82,104
-1,-6,-15,18,5,-17,37,68,50,6,-60,52
1,9,17,-3,-18,29,45,35,-2,-21,76,-77
1,9,-3,19,9,17,-53,-62,-59,67,1,34
1,6,-12,24,32,-34,-19,37,-68,53,5,-49
1,-8,19,14,19,-11,46,35,-15,-3,-28,-109
-1,6,1,-18,21,36,57,-45,34,-68,-78,96
1,-8,11,8,34,30,-43,-57,-23,-63,9,-69
-1,2,9,26,-7,6,55,38,-54,-52,14,-40
1,-11,-4,0,-17,44,-28,2,81,-20,82,-2
-1,4,-18,-27,-18,33,25,-67,32,17,47,44
1,8,8,-4,26,42,-52,55,-74,-88,75,-62
0,-11,-2,0,31,-12,53,8,-54,-39,44,-98
-1,5,-9,1,-41,27,-8,-13,75,-2,50,-31
-1,9,-14,-14,38,40,-13,24,-45,13,-42,31
1,-6,-5,25,-14,-14,-36,56,62,18,4,28
0,-9,6,-26,-33,-21,-52,-33,79,57,-38,102
1,-5,14,6,-9,3,-54,-66,-50,10,-78,-106
1,6,-12,14,15,26,54,38,26,-54,2,66
0,1,-5,-14,33,10,-42,-56,67,36,-89,-33
-1,7,-18,-15,-8,36,29,-46,-9,37,-80,-92
1,2,16,-2,-30,-8,1,-41,-72,69,-100,89
-1,-5,21,3,28,29,25,-41,11,61,-31,-57
1,-4,-7,-31,-33,-2,-59,27,56,90,-32,-32
-1,7,8,-2,38,36,-1,53,-68,-79,50,90
0,3,-3,-16,30,46,45,53,-23,36,23,88
-1,7,18,-18,-3,-19,47,55,-9,17,26,-84
1,5,-9,25,-16,35,-33,49,-8,58,-46,18
0,0,-18,-25,15,1,60,-64,31,-9,89,-19
0,11,15,8,-25,23,13,-17,37,-9,-50,32
-1,-6,12,-18,-34,-21,-12,-71,59,2,19,43
0,0,-14,-3,-7,-23,-55,64,57,-90,100,-58
1,8,-18,-2,-37,-22,58,58,65,34,-43,-24
1,3,-3,17,-11,40,-20,12,-30,-85,4,-93
0,4,-18,-27,-22,19,-3,-4,46,21,-88,-77
0,10,8,-1,-14,-44,34,11,-43,58,54,-60
-1,7,-3,-11,-38,-34,28,-48,-66,19,90,-3
-1,-10,14,13,-33,-3,16,53,14,22,67,23
1,2,-12,-9,-5,-24,-25,18,-28,-53,-56,56
-1,-1,-10,17,16,49,-10,-43,-51,-1,6,71
-1,0,-16,-1,37,-6,-56,-9,37,-50,19,17
0,9,-13,6,5,-2,22,15,-48,86,17,25
0,6,10,18,-38,13,15,-30,-52,-88,36,73
1,5,17,-8,15,21,15,-24,-47,71,67,-61
1,-1,17,5,6,30,59,12,-47,-31,-16,-19
-1,1,-21,-6,28,-31,38,-37,24,56,-74,-73
1,-10,-7,-19,1,17,57,7,51,-7,72,-7
1,1,-10,-26,-36,42,-52,-9,6,4,-70,31
1,5,-4,-13,39,-44,-15,-30,-26,84,59,-75
0,-4,-15,-3,-9,-24,52,-54,74,-41,19,-8
0,-10,-18,4,29,17,-57,35,76,36,-93,42
1,8,-16,-2,-9,29,30,6,31,-83,-98,-71
0,7,8,4,-3,-51,-6,55,58,-49,-6,-75
0,-10,11,24,-27,-45,52,-45,-75,-80,74,22
1,10,-10,17,-30,-5,46,-23,-57,28,-48,22
1,5,0,-13,13,12,-48,-16,-52,18,-91,-20
-1,-5,-4,-1,17,-39,52,8,-78,-4,73,-41
0,4,6,-27,17,27,22,-60,-56,-14,88,-63
0,-3,2,1,-17,18,-27,15,-64,91,80,48
0,2,10,-9,32,-19,-19,2,1,-38,19,-23
-1,-4,-20,-30,-31,-11,-32,25,-47,48,-46,-16
-1,8,-18,31,-29,46,-51,-53,-40,64,-83,-25
-1,9,-17,-16,-4,-13,-45,71,-10,45,-5,41
-1,-10,-17,28,39,-19,21,-17,-61,-17,20,-37
1,4,-1,22,-11,-32,18,-11,62,-80,-87,-71
1,4,5,-19,0,36,-44,-30,43,29,61,-42
1,-2,-11,1,-2,17,46,-67,19,16,24,63
0,9,-8,-12,-33,41,12,69,38,38,75,15
1,10,-12,-21,18,-33,-27,41,-42,-57,-72,-69
-1,-8,10,-24,37,-26,15,48,62,-3,-22,63
0,2,-7,-18,40,-21,40,-25,-68,62,-9,88
0,2,-20,-29,39,-19,-55,42,-35,-38,77,33
-1,-2,0,-10,-10,19,-8,-3,-6,-57,78,-98
-1,-7,12,-24,-15,-4,-18,32,75,52,-49,4
-1,6,-2,11,22,-27,0,42,-25,-40,28,-38
-1,8,-17,29,4,-2,-11,-31,-76,54,-5,90
-1,3,18,-8,22,4,2,46,6,41,32,-48
1,-8,-16,25,-11,39,13,-42,21,-20,-35,-44
0,-8,6,-7,5,-13,28,-71,-62,-71,4,-109
0,-4,-12,8,32,-23,11,-58,73,50,17,-37
1,-2,-17,-3,-8,-6,5,-64,13,27,-100,48
0,-7,-21,19,-39,1,-18,-47,7,66,-65,51
1,-10,-13,11,-30,34,45,38,42,15,83,61
-1,10,-9,-24,36,-28,9,30,-26,73,-46,-90
1,-1,0,1,-30,28,-4,67,61,69,-85,79
1,3,-14,30,-24,-36,-15,13,-53,68,35,-39
-1,10,-12,27,33,-16,-24,12,-18,-14,-91,-95
1,0,17,21,-33,-29,-28,52,-29,-19,85,62
1,-5,-11,1,38,36,15,70,16,59,64,63
1,11,9,-31,-22,32,13,-13,-28,25,-77,-48
-1,-10,-2,-12,29,9,13,-65,-24,-28,-46,42
1,-3,-7,-14,39,-51,-53,-33,-75,65,-32,-1
-1,5,-10,31,-35,9,58,15,-48,-10,-77,25
-1,10,-13,6,8,-11,-45,22,5,16,49,72
1,-2,-17,13,-23,-39,-18,-44,16,52,86,-92
1,-4,9,-21,-25,7,13,-47,-65,64,-21,36
-1,6,14,19,-41,18,54,-10,-35,-1,-20,-58
1,-7,-21,-26,-27,37,47,10,-2,-70,57,-58
1,-9,19,20,-11,36,56,-31,-49,-69,21,12
-1,7,-12,15,39,-46,-39,7,-4,37,12,-12
0,6,1,-12,-29,-1,61,6,-30,51,23,-98
1,-5,-4,26,12,38,-43,-51,43,64,53,87
1,8,7,19,24,10,-58,-43,-1,-10,60,-100
1,11,-1,-1,31,-22,42,13,-59,0,97,2
1,-9,9,-28,-29,-14,-43,-28,-8,33,-88,-15
1,9,14,20,13,46,26,23,-25,-66,1,62
-1,-10,-1,3,-10,-6,-17,10,18,1,13,-33
1,4,-20,8,-10,-48,-40,17,44,54,-38,-8
1,-9,-9,17,-38,1,9,-71,68,13,-23,-37
0,1,-18,-2,-17,31,35,57,-40,-76,45,64
0,3,-19,-12,-7,16,-13,-39,-16,-75,27,-9
-1,7,19,-29,18,12,32,-6,57,24,57,-9
-1,11,-7,6,6,29,-44,6,30,-41,28,92
1,2,-18,-22,-29,17,-6,24,24,90,79,-91
-1,3,20,-9,-36,-19,44,1,-1,59,22,-82
0,-7,20,16,-24,-47,12,-39,76,-85,-30,56
-1,0,-21,-18,-13,38,-21,45,-23,9,-66,-32
1,-2,-21,-12,-20,-14,19,71,-2,-20,-77,-63
1,-6,-12,-27,13,17,49,22,-33,-31,-69,14
1,-10,-17,2,-12,6,-11,23,26,-32,-3,-32
0,-3,-5,10,16,-28,8,61,-64,72,-80,5
0,6,2,-21,27,-35,22,60,-12,-32,69,-26
0,-3,10,-8,3,-21,13,53,68,1,-31,-3
1,-5,19,31,16,26,11,60,80,-52,-62,-4
1,10,14,28,-27,-16,-54,51,-53,40,-5,-33
0,5,1,-8,-36,-42,-47,59,-54,-33,90,-37
1,4,-19,-28,18,-6,53,10,-81,-20,-70,47
0,-5,-13,1,-10,-14,-29,64,45,78,1,-95
-1,6,-2,5,-10,41,-17,18,-26,32,20,7
-1,0,-2,-31,41,41,-22,4,74,-50,-19,22
-1,8,14,-21,13,6,-29,-3,74,87,12,-11
1,-11,-17,-14,31,-34,-41,36,45,30,-63,54
-1,-4,7,-11,-26,51,-11,4,-79,-33,10,69
-1,1,-8,-17,-9,14,54,3,-50,88,-27,-26
1,1,1,20,14,7,-56,27,50,62,89,-34
0,-7,7,-29,4,49,-11,27,-75,64,-71,-5
1,11,-9,-29,-4,37,-42,18,39,-42,-49,52
0,-4,-17,24,4,0,-10,-40,-77,12,-21,2
1,6,9,18,-17,-25,-17,-15,2,-29,43,69
-1,9,8,22,-7,-37,16,42,58,-56,79,-70
-1,1,-19,31,-6,-10,-10,-5,-20,-12,-80,-35
1,1,-14,2,-1,-31,11,17,32,-62,51,-75
1,-10,-14,-5,-2,21,33,-53,-2,-70,-64,19
0,2,20,22,-30,-7,-50,51,-49,-6,-94,71
0,8,-18,-26,37,13,61,20,53,38,-87,82
-1,3,0,-25,-33,-42,4,53,19,75,26,-24
1,-6,-17,19,-2,8,-9,34,-43,-86,93,46
-1,10,-6,-8,37,20,43,42,-8,-83,-7,0
-1,-8,-6,-10,5,-33,-15,-30,-68,74,-69,-44
0,-1,-8,-19,37,50,8,1,-31,70,-50,-62
-1,-2,1,-26,4,-3,-59,37,14,54,-44,-25
1,-10,-11,-13,26,-41,-4,70,48,12,-8,83
-1,5,2,-2,-31,9,-25,34,-25,54,84,28
-1,7,-5,-15,-22,-23,-26,52,-53,-28,15,1
-1,9,8,3,-19,26,-24,8,-12,8,-45,-91
1,-6,10,-19,-3,1,-26,-6,72,25,80,63
-1,3,4,0,18,-47,-2,50,24,67,73,69
-1,1,8,22,-27,-48,-35,-26,72,51,-1,-109
0,2,4,9,36,30,35,25,50,-40,17,57
0,-9,-20,15,-3,-47,58,-54,-23,1,-77,51
1,1,-10,15,16,-33,31,-27,51,68,16,29
0,11,-9,-20,18,-32,-8,30,77,87,61,-2
0,6,11,7,-34,-27,-47,30,77,68,85,25
1,-4,-15,-20,17,-8,-36,-31,-3,50,10,-108
1,1,-5,-11,27,-40,61,43,-2,19,-30,3
0,5,11,30,1,17,-26,27,68,16,-64,91
1,11,16,30,38,-26,-49,30,46,90,-57,54
1,-10,15,24,-40,45,-10,56,-50,78,-54,-52
0,0,-20,3,26,41,6,-30,-38,46,-26,-4
0,-6,14,12,29,32,0,11,-6,68,20,-102
1,-2,13,-2,0,47,24,-1,-42,76,-2,51
0,-1,-13,9,-22,-14,32,67,50,23,-91,-50
1,3,15,19,-28,46,-36,14,-6,-38,21,-90
-1,9,10,-7,-17,9,55,-60,5,49,94,-73
1,4,13,-21,-39,-2,22,-52,-77,-71,-61,-93
-1,-9,5,7,-12,3,60,-68,53,6,-40,-105
0,-9,-10,-27,-8,-30,-45,41,-62,-73,-26,-38
-1,9,5,25,2,-24,17,35,-76,-15,93,49
-1,6,-10,-22,-2,-20,-60,37,-2,-24,86,-39
1,3,3,-29,-19,-28,5,-42,-46,43,-52,60
-1,-7,-17,-13,-1,-35,-8,3,-19,-60,-91,32
1,8,-18,-18,-36,-29,-34,44,-30,52,37,-52
1,10,13,-6,15,27,39,-48,-49,9,68,74
0,7,11,-5,29,2,-48,-46,-28,8,-42,49
-1,10,21,12,-3,-34,53,33,67,88,76,2
1,10,1,-17,36,-10,-19,58,17,-77,-98,-90
-1,-2,7,16,-25,28,-23,44,-54,-21,93,17
-1,-10,11,22,31,-9,0,-39,-65,65,33,45
1,-4,-19,12,-38,2,-35,27,-20,-73,-100,-82
0,-7,1,-22,32,-45,56,40,-62,-49,-33,-16
1,11,-16,6,-17,34,-34,37,-16,30,38,84
0,6,0,-2,39,31,27,-65,-61,-20,-55,-7
0,-11,0,4,14,-4,-58,-33,-80,-78,-61,-81
1,-4,17,11,40,21,-18,-60,39,84,-73,-46
-1,7,2,25,-31,-11,0,-5,-63,-84,-93,63
1,-9,-4,-2,-16,-7,-9,-10,69,-44,-14,22
1,6,18,2,12,28,-37,21,56,29,19,31
-1,8,20,6,-3,4,46,5,35,38,-91,82
-1,6,0,26,18,44,8,7,-79,31,14,-96
1,-5,18,25,-32,38,-15,-51,54,64,-15,-54
1,11,-9,-15,15,-49,-33,-37,18,-17,98,54
-1,6,-8,4,-1,-27,-47,68,-16,-24,28,-14
-1,1,4,-27,1,44,-57,-65,-35,-41,-4,100
0,-4,13,26,4,-45,45,3,60,46,-11,-34
1,-8,-4,-20,35,-22,-51,-42,77,45,-98,-65
1,-10,-5,-10,-32,45,29,-55,58,-37,-21,-20
1,1,-6,-9,-27,10,28,-41,-17,-18,8,35
-1,3,-15,-11,-13,51,-1,-4,43,62,-51,-22
1,-4,-9,-28,-9,-43,-24,69,-56,-3,-48,44
-1,-2,-12,2,2,-17,26,-64,-35,-2,16,10
0,-11,12,23,-29,-17,-21,3,-41,-8,10,30
-1,6,4,-14,21,-50,-37,-35,-32,76,97,7
1,-8,17,14,13,-1,20,16,-50,88,-37,-69
1,-7,-9,-13,-23,-44,-33,-18,-73,64,72,86
0,8,-11,-24,-21,-51,50,-41,76,33,-35,86
1,-1,-16,11,-17,-37,40,43,-78,67,-41,89
-1,-4,-10,27,-25,23,16,-57,80,64,21,-80
1,-10,-10,8,41,-2,53,-44,-61,61,84,-10
1,-1,21,2,-6,11,-16,-23,-47,17,36,-32
0,-10,19,24,15,34,-48,-61,12,5,-94,63
0,4,-7,28,-2,-24,22,-65,1,40,73,-99
0,-8,0,24,41,-19,20,-51,54,63,17,-100
0,-11,6,10,-12,8,-42,16,-49,-21,89,75
0,-7,-15,-20,33,30,51,33,-15,-58,-99,85
-1,7,8,-8,26,26,61,53,62,-43,59,-60
-1,-2,-1,26,-1,-6,-56,32,-32,-87,-26,8
-1,2,3,-31,6,-30,-40,64,57,11,91,15
0,-4,15,27,-8,-16,39,29,-69,-81,-82,-98
-1,-8,2,-16,19,8,3,-66,-60,-36,-31,-28
1,-3,-7,-29,-39,-25,-28,7,28,42,-6,-38
0,-1,2,-29,-38,30,-53,-38,61,1,69,-55
0,-2,21,11,14,27,33,-5,-16,4,37,-79
1,3,19,-14,24,0,-29,60,40,-13,22,-72
-1,8,14,30,-34,23,18,70,-38,74,-67,-76
1,7,-3,1,7,5,-4,-22,-1,15,41,99
-1,5,6,17,-12,34,-22,-19,62,10,100,-62
1,9,-5,27,18,39,22,53,39,-82,-33,-24
0,2,6,21,12,50,47,6,-21,-25,-32,76
-1,-7,20,21,-21,31,-37,7,-64,-91,95,-83
1,6,-21,-11,-22,-8,37,-10,7,32,57,63
1,5,11,10,-41,-51,-20,14,8,-5,-4,-71
0,-2,8,10,14,21,-36,24,-24,75,-85,-35
1,1,-13,-15,12,-21,-53,-22,-62,77,-47,-90
1,0,-9,22,-22,-29,-43,-58,20,89,-76,107
1,-1,-7,29,9,-30,-37,4,15,-5,78,-4
0,5,-13,25,-11,10,-5,-41,21,-47,-9,43
-1,9,-17,18,-33,19,51,-51,-22,75,-19,-11
-1,-11,-12,4,-36,35,9,-27,-15,-19,-62,-102
-1,-2,-20,-20,23,-9,17,70,-53,-70,-12,-71
1,0,-14,-22,5,-1,-48,30,52,3,43,-12
-1,3,12,16,-4,8,37,58,-60,91,17,65
1,-2,14,-30,34,-7,51,34,40,88,-62,7
-1,-11,2,-14,-41,26,23,66,-14,47,25,-72
1,7,2,31,40,11,55,64,-34,-35,-54,33
-1,-2,-2,-1,-5,-43,-48,58,19,-47,99,-76
1,7,1,28,-8,26,-60,57,65,-8,-31,-40
-1,5,-13,0,-5,-9,-46,-58,-57,-32,-84,17
1,6,11,-6,29,-46,0,3,-1,-33,-73,7
-1,-1,-8,13,-9,41,37,17,-19,65,63,-73
-1,11,5,-12,-28,14,-11,39,-69,61,-74,-69
0,-1,10,-22,-21,17,-17,30,47,31,49,-75
-1,4,-19,-2,26,-42,-55,-48,9,-49,81,-16
-1,11,20,9,-10,51,-38,47,-35,-89,43,-12
1,-1,10,3,27,13,27,1,-15,45,-57,-93
-1,10,-11,-15,-8,51,9,-34,0,1,41,14
-1,-4,14,27,-15,33,-3,17,-14,-86,7,69
-1,9,-12,-29,-17,19,27,15,23,-36,62,39
1,-7,12,5,0,-8,48,5,-25,83,84,63
1,1,-13,-1,-2,-46,9,-6,19,40,1,-12
1,-10,-20,-18,-7,-1,13,-15,15,35,72,85
0,3,17,-8,-32,32,6,32,-23,-37,-80,93
0,9,2,-12,38,26,-21,-15,35,49,-72,-13
-1,8,6,-4,10,-31,-35,57,28,63,-53,-21
1,-6,0,-13,-22,40,-61,20,-45,4,20,-94
1,9,-9,0,10,45,-20,24,61,-37,68,61
1,6,19,1,0,-34,-42,39,-65,-48,32,96
-1,-10,-15,30,-11,-43,-1,9,32,-90,-33,-97
-1,-9,11,19,-27,-27,1,71,-74,80,-34,-103
0,-10,-6,-8,-18,37,-30,37,55,50,98,82
1,-9,-20,13,6,-32,-55,-61,23,-86,-4,-110
1,1,13,-8,17,-42,-3,50,-1,-58,19,-15
1,-1,21,-2,6,-4,-55,-44,1,54,27,-60
0,10,-20,10,22,43,4,-67,-45,-46,-65,98
-1,-1,-1,-31,-13,5,42,26,-11,2,45,-81
1,10,7,13,-11,-32,-1,-31,-81,27,10,-26
-1,-6,19,31,9,0,30,10,-3,-69,53,36
0,4,4,29,-31,-21,51,44,68,53,14,-18
0,7,2,6,-1,-37,33,-26,-64,65,32,59
-1,-6,-10,3,-32,-37,2,-16,-43,-51,30,83
0,-5,-21,31,21,-10,-16,18,1,44,6,75
1,-10,-1,11,-27,19,-52,19,81,-7,-80,-68
-1,7,10,-11,-29,-7,28,51,47,-81,26,96
0,2,-6,14,-16,-47,21,-55,9,43,43,7
0,-5,4,-17,-31,27,-22,34,41,58,-13,-82
0,10,14,-12,0,8,55,-44,-9,-48,19,76
0,-10,-13,-29,-13,-14,-9,-45,37,-76,-47,-50
0,1,-16,-20,34,-21,-36,39,18,73,-83,8
-1,9,-10,9,0,-26,3,53,7,-21,29,24
0,1,16,22,6,-46,16,51,73,-89,-87,63
0,5,-8,-17,41,-34,-5,64,-2,13,50,-57
-1,4,-17,-12,-33,-21,56,-50,-57,-34,26,-107
0,3,-16,-21,8,26,-53,20,-22,63,-82,-5
0,7,12,20,-29,-49,-54,-43,33,72,66,-20
-1,-9,16,22,-4,-20,-37,-40,70,-18,-7,-79
-1,-3,-2,-26,7,-25,58,-62,6,46,18,9
1,-7,-9,5,-8,2,15,28,-37,37,-38,-48
-1,1,15,26,-41,17,-3,-4,-61,-60,-24,-86
-1,-6,3,11,30,-39,-34,-37,19,-70,-83,-19
0,6,-1,-2,20,50,35,60,-20,30,-74,37
1,-6,-3,-12,27,29,53,-5,-77,73,-82,-103
1,5,7,-13,-35,36,-6,-47,-2,-81,-51,-26
1,-6,-3,31,-18,50,17,66,61,72,7,-68
0,3,-4,31,22,36,-13,-10,15,30,25,-21
-1,2,11,-14,-32,-30,42,60,69,-82,-87,102
-1,-9,13,21,-27,-42,-26,-3,2,5,-29,65
1,-11,14,4,-16,20,-8,-30,-49,-19,95,59
-1,0,-4,7,30,44,44,-66,-31,47,-69,95
0,-6,-17,-16,-39,-3,36,-24,61,-55,56,-82
-1,7,-3,-17,5,-8,48,39,-42,-65,49,-85
0,0,-8,-3,8,8,-19,59,-73,-50,5,-5
1,-2,11,-26,0,-4,-45,-61,22,43,-96,38
0,-1,16,-14,31,-30,2,49,-40,-18,41,-49
1,6,18,25,39,-5,0,-22,-50,-81,-84,-98
0,-10,17,15,8,22,17,19,36,-88,56,-9
-1,-1,-3,8,-34,11,19,2,-21,73,73,-16
-1,0,18,7,15,36,-55,64,-34,33,-80,-69
0,-5,-17,-23,-4,-17,-60,60,-14,-56,19,-14
-1,1,11,2,11,-4,38,-10,-22,-6,80,81
0,11,17,15,26,-51,26,2,-19,48,-54,-80
1,-8,-17,-6,30,-32,-15,55,81,-40,12,80
1,-10,-11,-17,40,14,16,-56,-80,-64,55,89
1,8,-19,-23,28,40,0,61,0,15,99,81
-1,-9,16,-30,37,7,12,-64,-25,-12,-100,-27
1,5,13,23,-39,38,-34,-57,-81,14,-55,7
-1,-9,13,24,-14,42,-41,65,-8,-68,-24,18
0,-2,10,13,1,-18,24,-62,-45,-38,-70,104
-1,-7,-19,-24,39,37,18,38,13,53,19,49
0,6,1,-7,-12,-43,25,-25,3,41,54,-12
-1,-3,15,-10,14,2,-22,14,-49,89,-43,-88
0,-4,18,-13,-32,-14,36,-19,41,-15,-49,-66
0,3,-5,16,-37,6,16,-58,4,-91,-84,41
1,-10,4,-31,7,13,12,12,-6,-80,41,-59
1,-8,-3,3,38,-10,-35,27,-18,-66,-81,28
-1,-8,0,-14,31,5,-57,-13,78,-49,16,70
0,4,6,-12,25,29,17,-47,-9,-3,-84,-10
0,-10,16,-15,20,-10,-38,-30,-31,9,23,93
1,-7,17,-14,-11,32,-43,-26,78,76,6,32
0,6,13,11,-36,39,38,47,62,47,-41,21
1,0,-20,31,29,33,36,19,13,44,-100,34
0,-8,-1,11,31,-7,-16,-37,34,87,-79,109
-1,-2,-6,-30,-36,16,-12,-35,13,10,72,-29
1,-3,-6,25,22,19,47,-24,-66,-13,-53,105
1,6,-17,5,-10,35,24,9,-64,12,-80,13
1,-10,-6,29,-10,44,-21,6,-79,-19,-67,65
-1,8,-12,-3,39,50,32,48,73,62,-70,60
-1,10,-8,17,1,12,-42,-21,71,73,14,74
0,-4,-9,-15,-11,10,-19,-30,-57,4,61,92
1,-11,-18,-26,18,-48,37,-39,-17,12,18,-9
1,9,-8,8,-8,-23,-3,-21,-81,32,88,-79
1,1,16,-30,-40,29,52,55,-24,15,93,-44
-1,4,15,1,-17,-21,61,3,-46,64,-91,17
0,5,4,-6,-2,-33,-59,49,-59,-8,-23,-69
1,-2,-12,18,39,-23,39,50,60,-2,67,94
1,-4,-21,21,-23,25,13,-7,71,78,-92,-109
1,9,10,-28,-11,9,28,-14,-57,81,10,-59
-1,1,0,3,-20,-34,22,67,-42,5,-25,-53
0,7,-3,16,-22,27,51,-5,1,36,-50,-83
-1,9,9,16,-28,8,11,-7,65,51,-60,-51
0,4,11,25,5,20,26,-50,27,-23,90,91
1,7,-10,18,38,36,0,-60,8,87,21,32
1,-5,-10,12,16,22,-29,-49,49,-87,56,-24
0,-7,19,-23,-24,-14,-11,-41,80,-27,-32,9
-1,4,7,20,29,-19,-18,-3,81,34,-55,42
1,11,-11,23,15,-41,-30,33,-32,-1,-54,4
1,-5,-12,-30,40,-33,-48,-16,17,48,-90,83
1,7,-15,15,-29,-19,57,19,-24,73,26,6
-1,1,18,-11,-7,-38,54,34,72,-89,9,1
1,-6,12,-7,-33,-46,7,15,-34,-49,-2,5
-1,4,-13,21,32,-41,61,-67,-78,-89,-55,-72
1,0,2,16,-39,-36,-19,-51,-17,-8,-75,-57
0,-3,20,-31,-2,30,61,23,42,85,87,53
0,-6,9,27,2,-22,-5,-28,63,77,-46,60
0,-7,5,2,9,37,46,64,-5,-36,-63,7
1,5,-1,16,28,14,15,-65,-9,-43,-71,83
0,-2,9,-20,33,-39,49,63,15,-74,88,-10
0,-6,-5,-21,-22,47,54,71,63,-85,47,-66
1,3,-11,-26,31,39,43,-16,-2,73,-59,-36
-1,6,-4,23,-32,-27,25,5,48,50,-91,40
1,-7,-10,-13,-24,22,-39,-26,-39,-61,43,-31
-1,-2,-6,23,18,-12,49,16,13,13,92,44
1,6,-20,29,25,-13,58,-39,10,-67,-11,21
0,-3,21,-7,-6,-12,48,51,-17,-49,42,-42
-1,10,9,-1,10,-25,-20,68,-70,33,-9,-11
0,-9,12,-26,24,3,-27,8,-1,-24,-97,-73
-1,6,-15,5,4,-18,37,-16,17,-29,-78,82
0,-10,16,-23,-29,-13,50,16,-59,65,100,-94
0,5,-18,24,-30,-47,-33,14,-4,-45,39,32
-1,-9,-9,-3,27,-29,-24,33,-52,45,-64,-40
-1,-10,14,15,36,42,-19,-40,-41,90,-71,76
0,6,-2,2,-22,19,-15,22,-13,-31,44,60
-1,-6,-2,-29,-32,50,-11,6,-42,66,-6,100
0,0,12,28,1,41,-22,6,-81,-41,-42,20
1,-3,3,-10,-13,18,-32,-25,73,-43,-37,85
-1,9,-4,27,-18,23,-37,20,80,6,70,76
1,-4,6,31,17,-28,7,-14,-53,88,20,-53
1,9,21,17,-40,5,1,-39,8,-81,82,-65
1,-8,2,28,-25,38,-59,30,-14,22,6,-106
0,7,4,-17,1,-37,-30,-33,-12,77,-73,100
-1,6,10,30,5,40,5,21,60,49,-3,-16
1,2,-6,18,-27,15,21,-24,31,-43,64,44
1,-3,0,31,-31,-7,-3,-40,22,71,-67,101
-1,-2,-4,31,-33,-21,-57,-21,-56,26,44,69
0,1,-4,3,-36,-34,-49,11,32,67,37,18
-1,-11,-1,-18,2,47,-17,7,-12,59,22,102
0,11,-15,4,-26,-28,-30,-42,-67,46,4,-38
-1,3,7,19,-13,-24,14,-46,-56,70,-45,-56
-1,-7,-17,-13,-37,-49,-29,23,21,-81,10,-96
0,10,20,-7,-1,49,-26,48,52,-58,66,-31
0,-5,-5,-18,-9,-47,60,66,24,45,88,108
1,-7,5,8,12,-26,42,-26,40,29,23,-26
-1,8,20,-12,-30,-16,-37,11,57,-31,-9,-91
1,3,9,19,2,35,24,-70,46,61,-6,9
0,0,19,4,38,-47,-32,6,79,-76,57,28
-1,-5,5,-16,-38,4,-51,-32,7,-35,-68,10
-1,-10,-5,26,13,30,-26,-53,40,-64,74,-8
-1,-5,-18,24,-6,-10,43,5,24,-46,59,13
0,-4,12,-24,-31,30,-49,-67,-2,-54,3,56
0,-11,8,17,7,-32,-7,59,-25,26,-40,63
